Sat Feb  7 00:51:44 2026,IMMEDIATE EMERGENCY: Police car (siren) detected!
Sat Feb  7 00:51:44 2026,IMMEDIATE EMERGENCY: Police car (siren) detected!
Sat Feb  7 00:51:45 2026,IMMEDIATE EMERGENCY: Police car (siren) detected!
Sat Feb  7 00:51:45 2026,IMMEDIATE EMERGENCY: Police car (siren) detected!
Sat Feb  7 00:51:45 2026,IMMEDIATE EMERGENCY: Police car (siren) detected!
Sat Feb  7 00:51:45 2026,IMMEDIATE EMERGENCY: Police car (siren) detected!
Sat Feb  7 00:51:45 2026,IMMEDIATE EMERGENCY: Police car (siren) detected!
Sat Feb  7 00:51:45 2026,IMMEDIATE EMERGENCY: Police car (siren) detected!
Sat Feb  7 00:51:47 2026,IMMEDIATE EMERGENCY: Screaming detected!
Sat Feb  7 00:51:47 2026,IMMEDIATE EMERGENCY: Screaming detected!
Sat Feb  7 00:51:48 2026,IMMEDIATE EMERGENCY: Screaming detected!
Sat Feb  7 00:51:48 2026,IMMEDIATE EMERGENCY: Screaming detected!
Sat Feb  7 00:51:48 2026,IMMEDIATE EMERGENCY: Screaming detected!
